,Fund Name,P1,P2,P3,P4,P5,Topsis Score,Rank
0,M1,0.6072389291495314,0.5099718018179786,1.403278144645286,1.195225197690879,1.6251402826250145,0.3594728374782495,8
1,M2,0.7286867149794377,0.7366259359593026,0.6414985804092737,1.5547086383756836,1.9547066298328801,0.5426252789544574,4
2,M3,0.6780834708836435,0.6374647522724733,1.3431376527319165,0.6937801434872344,1.029759766849494,0.4504813051137936,5
3,M4,0.8298932031710262,0.9491141867167937,0.8419668867871717,0.97312396363721,1.3020572078212387,0.5817971637971331,2
4,M5,0.6983247685219611,0.6799624024239715,0.7417327335982227,0.8128447225675519,1.0902703092876596,0.580485076373049,3
5,M6,0.7894106078943909,0.8641188864137972,0.6615454110470633,0.7349948054765751,0.9941017686270036,0.599851306508449,1
6,M7,0.6173595779686902,0.5241376852018114,1.3631844833697062,0.9227504878724602,1.2988155716191938,0.39978255596036516,7
7,M8,0.6780834708836435,0.6374647522724733,1.1226225157162286,1.2936824457765261,1.7083422784774922,0.4345686852693022,6
